"","Hospital.name","Phone.number","Street.address","Suburb","Postcode","State","Local.Hospital.Network..LHN.","Primary.Health.Network.area..PHN.","Website","Description","Sector","Beds","Latitude","Longitude","Hospital_ID","SA2_NAME","SA2_5DIGIT","GCC_NAME"
"1","Aesthetic Day Surgery","02 9553 9905","14 Kensington Street","KOGARAH","2217","NSW","","","www.aestheticdaysurgery.com.au","","Private","",-33.964843,151.135032,6,"Kogarah",11378,"Greater Sydney"
"2","Albury Wodonga Health [Albury Campus]","02 6058 4444","201 Borella Road","ALBURY","2640","NSW","Albury Wodonga Health","Murray","","Large regional hospital with an emergency department","Public","100-199",-36.078401,146.939146,9,"Albury - South",11174,"Rest of NSW"
"3","Albury Wodonga Private Hospital","02 6041 1411","1125 Pemberton Street","WEST ALBURY","2640","NSW","","","www.alburywodongaprivate.com.au","","Private","100-199",-36.075621,146.883177,11,"Albury - South",11174,"Rest of NSW"
"4","Allowah Presbyterian Children's Hospital","02 9858 4994","8 Perry Street","DUNDAS","2117","NSW","","","www.allowah.org.au","","Private","<50",-33.791787,151.06387,14,"Ermington - Rydalmere",11477,"Greater Sydney"
"5","Armidale Hospital","02 6776 9500","226 Rusden Street","ARMIDALE","2350","NSW","Hunter New England","Hunter New England and Central Coast","","Medium regional hospital with an emergency department","Public","50-99",-30.512726,151.655629,22,"Armidale",11186,"Rest of NSW"
"6","Armidale Private Hospital","02 6771 4000","Rusden Street","ARMIDALE","2350","NSW","","","","","Private","<50",-30.512719,151.654565,23,"Armidale",11186,"Rest of NSW"
"7","Auburn Hospital","02 8759 3000","18-20 Hargrave Road","AUBURN","2144","NSW","Western Sydney","Western Sydney","www.wslhd.health.nsw.gov.au/Auburn-Hospital","Medium metropolitan hospital with an emergency department","Public","100-199",-33.859867,151.033204,27,"Auburn - Central",11582,"Greater Sydney"
"8","Ballina Day Surgery","02 6681 9999","Suite 6, 46 Tamar Street","BALLINA","2478","NSW","","","","","Private","<50",-28.870711,153.563241,39,"Ballina",11236,"Rest of NSW"
"9","Ballina Hospital","02 6686 2111","78-92 Cherry Street","BALLINA","2478","NSW","Northern NSW","North Coast","","Small hospital with an emergency department","Public","50-99",-28.863525,153.564013,40,"Ballina",11236,"Rest of NSW"
"10","Balmain Hospital","02 9395 2111","29 Booth Street","BALMAIN","2041","NSW","Sydney","Central and Eastern Sydney","www.sswahs.nsw.gov.au/balmain/default.html","Metropolitan hospital","Public","50-99",-33.859469,151.181469,41,"Balmain",11387,"Greater Sydney"
"11","Balranald Multi Purpose Service","03 5071 9800","41-43 Court Street","BALRANALD","2715","NSW","Far West","Western NSW","","Regional hospital with an emergency department","Public","<50",-34.644549,143.568413,42,"Wentworth-Balranald Region",11179,"Rest of NSW"
"12","Bankstown Lidcombe Hospital","02 9722 8000","68 Eldridge Road","BANKSTOWN","2200","NSW","South Western Sydney","South Western Sydney","https://www.swslhd.health.nsw.gov.au/bankstown/","Large metropolitan hospital with an emergency department","Public","200-500",-33.933088,151.020823,44,"Bankstown - North",11571,"Greater Sydney"
"13","Baradine Multi Purpose Service","02 6843 4100","5-9 Macquarie Street","BARADINE","2396","NSW","Western NSW","Western NSW","","Regional hospital with an emergency department","Public","<50",-30.945316,149.066189,45,"Coonabarabran",11099,"Rest of NSW"
"14","Barham Hospital","03 5451 1000","70 Punt Road","BARHAM","2732","NSW","Murrumbidgee","Murrumbidgee","","Regional hospital with an emergency department","Public","<50",-35.623823,144.133479,48,"Deniliquin Region",11183,"Rest of NSW"
"15","Baringa Private Hospital","02 6659 4444","31 Mackays Road","COFFS HARBOUR","2450","NSW","","","www.baringaprivate.com.au","","Private","50-99",-30.278813,153.102893,49,"Coffs Harbour - North",11084,"Rest of NSW"
"16","Barraba Multi Purpose Service","02 6782 2500","Edward Street","BARRABA","2347","NSW","Hunter New England","Hunter New England and Central Coast","","Regional hospital with an emergency department","Public","<50",-30.382482,150.605778,51,"Tamworth Region",11205,"Rest of NSW"
"17","Batemans Bay Hospital","02 4475 1500","7 Pacific Street","BATEMANS BAY","2536","NSW","Southern NSW","South Eastern NSW","","Small hospital with an emergency department","Public","<50",-35.714055,150.182375,53,"Batemans Bay",11017,"Rest of NSW"
"18","Bathurst Health Service","02 6330 5311","361-365 Howick Street","BATHURST","2795","NSW","Western NSW","Western NSW","","Large regional hospital with an emergency department","Public","100-199",-33.406512,149.572699,54,"Bathurst",11058,"Rest of NSW"
"19","Bathurst Private Hospital","02 6331 7766","Gorman's Hill Road","BATHURST","2795","NSW","","","www.bathurstprivate.com.au","","Private","<50",-33.435215,149.589242,55,"Bathurst",11058,"Rest of NSW"
"20","Batlow/Adelong Multi Purpose Service","02 6941 4333","61-81 Pioneer Street","BATLOW","2730","NSW","Murrumbidgee","Murrumbidgee","","Regional hospital with an emergency department","Public","<50",-35.521951,148.147891,56,"Tumut Region",11262,"Rest of NSW"
"21","Bega Valley Private Hospital","02 6492 4144","31 Parker Street","BEGA","2550","NSW","","","www.pulsehealth.net.au","","Private","<50",-36.673617,149.845812,62,"Bega - Tathra",11019,"Rest of NSW"
"22","Bellinger River District Hospital","02 6659 5800","43 Church Street","BELLINGEN","2454","NSW","Mid North Coast","North Coast","","Small hospital with an emergency department","Public","<50",-30.457256,152.893209,65,"Bellingen",11083,"Rest of NSW"
"23","Belmont Hospital","02 4923 2000","16 Croudace Bay Road","BELMONT","2280","NSW","Hunter New England","Hunter New England and Central Coast","","Medium metropolitan hospital with an emergency department","Public","100-199",-33.024631,151.648181,66,"Belmont - Bennetts Green",11206,"Rest of NSW"
"24","Berkeley Vale Private Hospital","02 4389 9100","Lorraine Avenue","BERKELEY VALE","2261","NSW","","","www.berkeleyvaleprivate.com.au","","Private","50-99",-33.337061,151.432784,70,"Chittaway Bay - Tumbi Umbi",11047,"Greater Sydney"
"25","Berrigan Multi Purpose Service","03 5888 5300","137-143 Memorial Place","BERRIGAN","2712","NSW","Murrumbidgee","Murrumbidgee","","Regional hospital with an emergency department","Public","<50",-35.662312,145.813035,71,"Tocumwal - Finley - Jerilderie",11185,"Rest of NSW"
"26","Bingara Multi Purpose Service","02 6728 0100","Keera Street","BINGARA","2404","NSW","Hunter New England","Hunter New England and Central Coast","","Regional hospital with an emergency department","Public","<50",-29.864055,150.579235,77,"Inverell Region - West",11193,"Rest of NSW"
"27","Blacktown Hospital","02 9881 8000","Blacktown Road","BLACKTOWN","2148","NSW","Western Sydney","Western Sydney","http://www.wslhd.health.nsw.gov.au/Blacktown-Mount-Druitt-Hospital","Large metropolitan hospital with an emergency department","Public","200-500",-33.775552,150.917537,79,"Blacktown (West)",11561,"Greater Sydney"
"28","Blayney Multi Purpose Service","02 6368 9000","3 Osman Street","BLAYNEY","2799","NSW","Western NSW","Western NSW","","Regional hospital with an emergency department","Public","<50",-33.537728,149.248988,81,"Blayney",11076,"Rest of NSW"
"29","Blue Mountains Hospital","02 4784 6500","Lot 3 Woodlands Road","KATOOMBA","2780","NSW","Nepean Blue Mountains","Nepean Blue Mountains","www.nbmlhd.health.nsw.gov.au/Blue-Mountains-Hospital","Small hospital with an emergency department","Public","50-99",-33.705329,150.32111,82,"Katoomba - Leura",11452,"Greater Sydney"
"30","Boggabri Multi Purpose Service","02 6749 7000","3 Wee Waa Street","BOGGABRI","2382","NSW","Hunter New England","Hunter New England and Central Coast","","Regional hospital with an emergency department","Public","<50",-30.711502,150.040014,84,"Gunnedah Region",11200,"Rest of NSW"
"31","Bombala Multi Purpose Service","02 6458 5777","126-128 Wellington Street","BOMBALA","2632","NSW","Southern NSW","South Eastern NSW","","Regional hospital with an emergency department","Public","<50",-36.917513,149.235372,85,"Bombala",11013,"Rest of NSW"
"32","Bonalbo Hospital","02 6665 1203","Clarence Way","BONALBO","2469","NSW","Northern NSW","North Coast","","Regional hospital","Public","<50",-28.733777,152.622789,86,"Casino Region",11245,"Rest of NSW"
"33","Boorowa Multi Purpose Service","02 6385 3004","62-80 Dry Street","BOOROWA","2586","NSW","Murrumbidgee","Murrumbidgee","","Regional hospital with an emergency department","Public","<50",-34.442822,148.727073,89,"Young Region",11544,"Rest of NSW"
"34","Bourke Multi Purpose Service","02 6870 8888","26 Tarcoon Street","BOURKE","2840","NSW","Western NSW","Western NSW","","Regional hospital with an emergency department","Public","<50",-30.092823,145.947983,92,"Bourke - Brewarrina",11092,"Rest of NSW"
"35","Bourke Street Health Service","02 4823 7800","234 Bourke Street","GOULBURN","2580","NSW","Southern NSW","South Eastern NSW","","Regional hospital","Public","<50",-34.748721,149.719321,93,"Goulburn",11539,"Rest of NSW"
"36","Bowral Hospital","02 4861 0200","Lot 3 Mona Road","BOWRAL","2576","NSW","South Western Sydney","South Western Sydney","https://www.swslhd.health.nsw.gov.au/bowral/","Medium regional hospital with an emergency department","Public","50-99",-34.485043,150.423796,95,"Bowral",11284,"Rest of NSW"
"37","Braeside Hospital","02 9616 8600","340 Prairie Vale Road","PRAIRIEWOOD","2176","NSW","South Western Sydney","South Western Sydney","","Metropolitan hospital","Public","50-99",-33.861917,150.902192,98,"Greenfield Park - Prairiewood",11517,"Greater Sydney"
"38","Braidwood Multi Purpose Service","02 4842 2566","77 Monkittee Street","BRAIDWOOD","2622","NSW","Southern NSW","South Eastern NSW","","Regional hospital with an emergency department","Public","<50",-35.443216,149.805302,99,"Braidwood",11007,"Rest of NSW"
"39","Brewarrina Multi Purpose Service","02 6830 5000","56 Doyle Street","BREWARRINA","2839","NSW","Western NSW","Western NSW","","Regional hospital with an emergency department","Public","<50",-29.961627,146.863796,100,"Bourke - Brewarrina",11092,"Rest of NSW"
"40","Brindabella Endoscopy and Day Surgery Centre","02 6282 7788","Suite 7, 5 Dann Close","GARRAN","2605","ACT","","","http://www.curagroup.com.au/brindabella-endoscopy-centre","","Private","<50",-35.3495,149.1031,102,"Garran",81102,"Australian Capital Territory"
"41","Brisbane Waters Private Hospital","02 4341 9522","21 Vidler Avenue","WOY WOY","2256","NSW","","","www.brisbanewatersprivatehospital.com.au","","Private","50-99",-33.495233,151.321708,105,"Woy Woy - Blackwall",11042,"Greater Sydney"
"42","Broken Hill Hospital","08 8080 1333","176 Thomas Street","BROKEN HILL","2880","NSW","Far West","Western NSW","","Medium regional hospital with an emergency department","Public","100-199",-31.947609,141.454703,107,"Broken Hill",11097,"Rest of NSW"
"43","Bulahdelah Hospital","02 4987 9900","Richmond Street","BULAHDELAH","2423","NSW","Hunter New England","Hunter New England and Central Coast","","Regional hospital with an emergency department","Public","<50",-32.403949,152.210029,112,"Bulahdelah - Stroud",11151,"Rest of NSW"
"44","Bulli Hospital","02 4284 4344","Hospital Road","BULLI","2516","NSW","Illawarra Shoalhaven","South Eastern NSW","www.islhd.health.nsw.gov.au/Bulli_Hospital/default.asp","Small hospital with an emergency department","Public","50-99",-34.336667,150.907344,113,"Woonona - Bulli - Russell Vale",11150,"Rest of NSW"
"45","Byron Central Hospital","02 6639 9400","54 Ewingsdale Road","EWINGSDALE","2481","NSW","Northern NSW","North Coast","http://nnswlhd.health.nsw.gov.au/about/hospitals/byron-central-hospital/","Small hospital with an emergency department","Public","<50",-28.637365,153.555898,120,"Bangalow",11238,"Rest of NSW"
"46","Calvary Health Care Riverina","02 6925 3055","Hardy Avenue","WAGGA WAGGA","2650","NSW","","","www.calvary-wagga.com.au","","Private","50-99",-35.118702,147.352811,135,"Wagga Wagga - West",11270,"Rest of NSW"
"47","Calvary Hospital","02 9553 3111","91-101 Rocky Point Road","KOGARAH","2217","NSW","South Eastern Sydney","Central and Eastern Sydney","www.seslhd.health.nsw.gov.au/Calvary_Hospital/default.asp","Specialist rehabilitation hospital","Public","100-199",-33.976132,151.136206,140,"Kogarah",11378,"Greater Sydney"
"48","Calvary John James Hospital","02 6281 8100","173 Strickland Crescent","DEAKIN","2600","ACT","","","www.calvaryjohnjames.com.au","","Private","100-199",-35.319869,149.095662,141,"Deakin",81062,"Australian Capital Territory"
"49","Calvary Mater Newcastle Hospital","02 4921 1211","20 Edith Street","WARATAH","2298","NSW","Hunter New England","Hunter New England and Central Coast","www.calvarymater.org.au/","Large metropolitan hospital with an emergency department","Public","100-199",-32.899371,151.720858,142,"Waratah - North Lambton",11234,"Rest of NSW"
"50","Calvary Private Hospital Bruce","02 6201 6363","Corner of Belconnen Way and Haydon Drive","BRUCE","2617","ACT","","","www.calvaryactprivate.org.au/visitors.html","","Private","50-99",-35.252882,149.088646,144,"Bruce",81003,"Australian Capital Territory"
"51","Calvary Public Hospital","02 6201 6111","Haydon Drive","BRUCE","2617","ACT","Australian Capital Territory","Australian Capital Territory","www.calvary-act.com.au","Large metropolitan hospital with an emergency department","Public","200-500",-35.253321,149.089654,145,"Bruce",81003,"Australian Capital Territory"
"52","Camden Hospital","02 4634 3000","65 Menangle Road","CAMDEN","2570","NSW","South Western Sydney","South Western Sydney","https://www.swslhd.health.nsw.gov.au/ccq/","Metropolitan hospital with an emergency department","Public","50-99",-34.062702,150.693297,148,"Camden - Ellis Lane",11433,"Greater Sydney"
"53","Campbelltown Hospital","02 4634 3000","Therry Road","CAMPBELLTOWN","2560","NSW","South Western Sydney","South Western Sydney","https://www.swslhd.health.nsw.gov.au/ccq/","Large metropolitan hospital with an emergency department","Public","200-500",-34.077651,150.806321,150,"Campbelltown - Woodbine",11437,"Greater Sydney"
"54","Campbelltown Private Hospital","02 4621 9111","42 Parkside Crescent (Corner of Hyde Street)","CAMPBELLTOWN","2560","NSW","","","www.campbelltownprivatehospital.com.au","","Private","50-99",-34.075607,150.804948,151,"Campbelltown - Woodbine",11437,"Greater Sydney"
"55","Canberra Imaging Group Angiography/Interventional Suite","02 6203 2092","173 Strickland Cresent","DEAKIN","2600","ACT","","","www.canberraimaging.com.au","","Private","<50",-35.318557,149.096004,152,"Deakin",81062,"Australian Capital Territory"
"56","Canowindra Hospital","02 6340 3033","Browns Avenue","CANOWINDRA","2804","NSW","Western NSW","Western NSW","","Regional hospital with an emergency department","Public","<50",-33.557204,148.676576,154,"Cowra Region",11064,"Rest of NSW"
"57","Canterbury Hospital","02 9787 0000","575 Canterbury Road","CAMPSIE","2194","NSW","Sydney","Central and Eastern Sydney","www.sswahs.nsw.gov.au/Canterbury/","Medium metropolitan hospital with an emergency department","Public","100-199",-33.919592,151.098275,155,"Canterbury (South) - Campsie",11363,"Greater Sydney"
"58","Casino Hospital","02 6662 2111","Hotham Street","CASINO","2470","NSW","Northern NSW","North Coast","","Small hospital with an emergency department","Public","<50",-28.859839,153.035827,160,"Casino",11244,"Rest of NSW"
"59","Castle Hill Day Surgery","02 8850 0500","72-74 Cecil Avenue","CASTLE HILL","2154","NSW","","","www.chds.com.au","","Private","<50",-33.73507,151.004099,162,"Castle Hill - North",11555,"Greater Sydney"
"60","Castlecrag Private Hospital","02 9935 0200","150 Edinburgh Road","CASTLECRAG","2068","NSW","","","www.castlecragprivate.com.au/","","Private","<50",-33.801822,151.217045,163,"Willoughby - Castle Cove - Northbridge",11402,"Greater Sydney"
"61","Central Coast Day Hospital","02 4367 3880","Suite 1, Fountain Corporate, 2 Ilya Avenue","ERINA","2250","NSW","","","","","Private","<50",-33.439692,151.384354,167,"Erina - Green Point",11031,"Greater Sydney"
"62","Centre for Digestive Diseases","02 9713 4011","Level 1, 229 Great North Road","FIVE DOCK","2046","NSW","","","www.cdd.com.au","","Private","",-33.865117,151.130092,171,"Five Dock - Abbotsford",11386,"Greater Sydney"
"63","Cessnock Hospital","02 4991 0555","24 View Street","CESSNOCK","2325","NSW","Hunter New England","Hunter New England and Central Coast","","Small hospital with an emergency department","Public","<50",-32.827754,151.348396,172,"Cessnock",11108,"Rest of NSW"
"64","Chatswood Private Hospital","02 9413 4822","Suite 1, 38B Albert Avenue","CHATSWOOD","2067","NSW","","","http://www.cphospital.com.au","","Private","<50",-33.797612,151.185691,176,"Chatswood (East) - Artarmon",11398,"Greater Sydney"
"65","Chris O’Brien Lifehouse","02 2851 4000","119-143 Missenden Road","CAMPERDOWN","2006","NSW","","Central and Eastern Sydney","www.mylifehouse.org.au","","Private","100-199",-33.890577,151.182234,182,"Newtown - Camperdown - Darlington",11332,"Greater Sydney"
"66","Cobar Health Service","02 6830 2111","Lerida Road","COBAR","2835","NSW","Western NSW","Western NSW","","Regional hospital with an emergency department","Public","<50",-31.509026,145.825266,187,"Cobar",11093,"Rest of NSW"
"67","Coffs Day Hospital","02 6600 1000","69 Albany Street","COFFS HARBOUR","2450","NSW","","","www.coffsdayhospital.com.au","","Private","<50",-30.300233,153.115865,189,"Coffs Harbour - North",11084,"Rest of NSW"
"68","Coffs Harbour Hospital","02 6656 7000","345 Pacific Highway","COFFS HARBOUR","2450","NSW","Mid North Coast","North Coast","","Large regional hospital with an emergency department","Public","200-500",-30.317579,153.093667,190,"Coffs Harbour - North",11084,"Rest of NSW"
"69","Coledale Hospital","02 4267 0111","636 Lawrence Hargrave Drive","COLEDALE","2515","NSW","Illawarra Shoalhaven","South Eastern NSW","www.islhd.health.nsw.gov.au/Coledale_Hospital/default.asp","Metropolitan hospital","Public","<50",-34.283797,150.950796,193,"Thirroul - Austinmer - Coalcliff",11148,"Rest of NSW"
"70","Collarenebri Multi Purpose Service","02 6756 4800","Walgett Street","COLLARENEBRI","2833","NSW","Western NSW","Western NSW","","Regional hospital with an emergency department","Public","<50",-29.544889,148.581901,195,"Walgett - Lightning Ridge",11096,"Rest of NSW"
"71","Concord Hospital","02 9767 5000","Hospital Road","CONCORD","2137","NSW","Sydney","Central and Eastern Sydney","www.sswahs.nsw.gov.au/concord/","Major hospital with an emergency department","Public",">500",-33.837288,151.092664,198,"Concord - Mortlake - Cabarita",11383,"Greater Sydney"
"72","Condobolin Health Service","02 6890 1500","Madline Street","CONDOBOLIN","2877","NSW","Western NSW","Western NSW","","Regional hospital with an emergency department","Public","<50",-33.082332,147.154161,199,"Condobolin",11062,"Rest of NSW"
"73","Coolah Multi Purpose Service","02 6377 9100","111-135 Martin Street","COOLAH","2843","NSW","Western NSW","Western NSW","","Regional hospital with an emergency department","Public","<50",-31.821473,149.710049,202,"Coonabarabran",11099,"Rest of NSW"
"74","Coolamon Multi Purpose Service","02 6927 3303","Doctor Buchanan Drive","COOLAMON","2701","NSW","Murrumbidgee","Murrumbidgee","","Regional hospital with an emergency department","Public","<50",-34.819885,147.199329,203,"Wagga Wagga Region",11271,"Rest of NSW"
"75","Coolenberg Day Surgery","02 6584 0368","60 Lake Road","PORT MACQUARIE","2444","NSW","","","","","Private","",-31.439829,152.909473,204,"Port Macquarie - East",11163,"Rest of NSW"
"76","Cooma Hospital","02 6455 3222","Bent Street","COOMA","2630","NSW","Southern NSW","South Eastern NSW","","Small hospital with an emergency department","Public","<50",-36.241389,149.130499,205,"Cooma",11014,"Rest of NSW"
"77","Coonabarabran Health Service","02 6826 6100","101-103 Edwards Street","COONABARABRAN","2357","NSW","Western NSW","Western NSW","","Regional hospital with an emergency department","Public","<50",-31.274791,149.284779,206,"Coonabarabran",11099,"Rest of NSW"
"78","Coonamble Multi Purpose Service","02 6827 1100","150 Castlereagh Street","COONAMBLE","2829","NSW","Western NSW","Western NSW","","Regional hospital with an emergency department","Public","<50",-30.964803,148.387527,207,"Coonamble",11094,"Rest of NSW"
"79","Cootamundra Hospital","02 6942 0444","120 Mackay Street","COOTAMUNDRA","2590","NSW","Murrumbidgee","Murrumbidgee","","Small hospital with an emergency department","Public","<50",-34.634386,148.012796,208,"Cootamundra",11263,"Rest of NSW"
"80","Coral Tree Family Centre","02 9887 5830","Badajoz And Twin Roads","NORTH RYDE","2113","NSW","Northern Sydney","Northern Sydney","http://www.nslhd.health.nsw.gov.au/Services/Directory/Pages/CoralTree.aspx","Specialist psychiatric hospital","Public","<50",-33.804256,151.126212,209,"North Ryde - East Ryde",11501,"Greater Sydney"
"81","Corowa Hospital","02 6033 1333","74 Guy Street","COROWA","2646","NSW","Murrumbidgee","Murrumbidgee","","Small hospital with an emergency department","Public","50-99",-35.993528,146.383541,210,"Corowa",11180,"Rest of NSW"
"82","Cowra Health Service","02 6340 9000","64 Liverpool Street","COWRA","2794","NSW","Western NSW","Western NSW","","Small hospital with an emergency department","Public","<50",-33.832137,148.692376,214,"Cowra",11063,"Rest of NSW"
"83","Crookwell Hospital","02 4832 1300","17 Kialla Road","CROOKWELL","2583","NSW","Southern NSW","South Eastern NSW","","Regional hospital with an emergency department","Public","<50",-34.464222,149.467427,218,"Goulburn Region",11540,"Rest of NSW"
"84","Crows Nest Day Surgery","02 9955 5677","Level 1, 22 Clarke Street","CROWS NEST","2065","NSW","","","www.crowsnestdaysurgery.com.au","","Private","",-33.825083,151.199293,219,"Crows Nest - Waverton",11414,"Greater Sydney"
"85","Culcairn Multi Purpose Service","02 6029 8203","51-55 Balfour Street","CULCAIRN","2660","NSW","Murrumbidgee","Murrumbidgee","","Regional hospital with an emergency department","Public","<50",-35.667399,147.042104,221,"Albury Region",11175,"Rest of NSW"
"86","Cumberland Hospital","02 9840 3000","1-11 Hainsworth Street","WESTMEAD","2145","NSW","Western Sydney","Western Sydney","","Specialist psychiatric hospital","Public","200-500",-33.80159,150.995246,222,"Northmead",11491,"Greater Sydney"
"87","David Berry Hospital","02 4464 1001","85 Tannery Road","BERRY","2535","NSW","Illawarra Shoalhaven","South Eastern NSW","www.islhd.health.nsw.gov.au/David_Berry_Hospital/default.asp","Regional hospital","Public","<50",-34.775909,150.712819,231,"Berry - Kangaroo Valley",11272,"Rest of NSW"
"88","Dee Why Endoscopy Unit","02 9982 6333","Level 4, Suite 4402, Dee Why Grand, 834 Pittwater Road","DEE WHY","2099","NSW","","","http://www.curagroup.com.au/dee-why-endoscopy-unit","","Private","<50",-33.75674,151.28363,233,"Dee Why - North Curl Curl",11426,"Greater Sydney"
"89","Delegate Multi Purpose Service","02 6459 8000","15 Craigie Street","DELEGATE","2633","NSW","Southern NSW","South Eastern NSW","","Regional hospital with an emergency department","Public","<50",-37.04496,148.945958,234,"Bombala",11013,"Rest of NSW"
"90","Deniliquin Hospital","03 5882 2800","411 Charlotte Street","DENILIQUIN","2710","NSW","Murrumbidgee","Murrumbidgee","","Small hospital with an emergency department","Public","<50",-35.524044,144.963301,236,"Deniliquin",11182,"Rest of NSW"
"91","Denman Multi Purpose Service","02 6547 3999","51-53 Ogilvie Street","DENMAN","2328","NSW","Hunter New England","Hunter New England and Central Coast","","Regional hospital with an emergency department","Public","<50",-32.389483,150.684453,237,"Muswellbrook Region",11127,"Rest of NSW"
"92","Diagnostic Endoscopy Centre","02 8382 6622","601/438 Victoria Street","DARLINGHURST","2010","NSW","","","www.diagnosticendoscopy.com.au","","Private","<50",-33.879519,151.220852,241,"Darlinghurst",11329,"Greater Sydney"
"93","Dorrigo Multi Purpose Service","02 6692 7700","14 Beech Street","DORRIGO","2453","NSW","Mid North Coast","North Coast","","Regional hospital with an emergency department","Public","<50",-30.340625,152.713882,249,"Dorrigo",11087,"Rest of NSW"
"94","Dubbo Hospital","02 6809 6809","Myall Street","DUBBO","2830","NSW","Western NSW","Western NSW","","Large regional hospital with an emergency department","Public","100-199",-32.239339,148.620772,251,"Dubbo - South",11101,"Rest of NSW"
"95","Dudley-Orange Private Hospital","02 6362 8122","261 March Street","ORANGE","2800","NSW","","","www.dudleyprivate.com.au","","Private","50-99",-33.282219,149.121236,252,"Orange",11077,"Rest of NSW"
"96","Dunedoo Multi Purpose Service","02 6370 3000","70 Digilah Street","DUNEDOO","2844","NSW","Western NSW","Western NSW","","Regional hospital with an emergency department","Public","<50",-32.017204,149.397366,254,"Mudgee Region - West",11074,"Rest of NSW"
"97","Dungog Hospital","02 4995 7000","58 Hospital Road","DUNGOG","2420","NSW","Hunter New England","Hunter New England and Central Coast","","Regional hospital with an emergency department","Public","<50",-32.401948,151.746157,255,"Dungog",11110,"Rest of NSW"
"98","Eastern Heart Clinic","02 9382 0700","Level 3, Campus Centre Building, Prince of Wales Hospital, Barker Street","RANDWICK","2031","NSW","","","www.ehc.com.au","","Private","<50",-33.920616,151.237986,264,"Randwick - North",11569,"Greater Sydney"
"99","Epping Surgery Centre","02 9868 6555","Suite 3, Oxford Place, 44-46 Oxford Street","EPPING","2121","NSW","","","www.eesc.com.au","","Private","<50",-33.771132,151.083676,271,"Epping - North Epping",11495,"Greater Sydney"
"100","Eugowra Multipurpose Service","02 6850 4000","Cooper Street","EUGOWRA","2806","NSW","Western NSW","Western NSW","","Regional hospital","Public","<50",-33.424421,148.366799,287,"Forbes",11065,"Rest of NSW"
"101","Fairfield Hospital","02 9616 8111","Corner of Polding Street and Prairie Vale Road","PRAIRIEWOOD","2176","NSW","South Western Sydney","South Western Sydney","https://www.swslhd.health.nsw.gov.au/fairfield/","Medium metropolitan hospital with an emergency department","Public","200-500",-33.860117,150.904339,291,"Greenfield Park - Prairiewood",11517,"Greater Sydney"
"102","Figtree Private Hospital","02 4255 5000","1 Suttor Place","FIGTREE","2525","NSW","","","www.figtreeprivate.com.au","","Private","100-199",-34.440199,150.851024,292,"Figtree - Keiraville",11146,"Rest of NSW"
"103","Finley Hospital","03 5883 1133","20-22 Dawe Avenue","FINLEY","2713","NSW","Murrumbidgee","Murrumbidgee","","Regional hospital with an emergency department","Public","<50",-35.641725,145.568139,293,"Tocumwal - Finley - Jerilderie",11185,"Rest of NSW"
"104","Forster Private Hospital","02 6555 1333","29-41 South Street","FORSTER","2428","NSW","","","www.pulsehealth.net.au","","Private","50-99",-32.188561,152.514079,299,"Forster",11152,"Rest of NSW"
"105","Gilgandra Multi Purpose Service","02 6880 5900","6 Chelmsford Avenue","GILGANDRA","2827","NSW","Western NSW","Western NSW","","Regional hospital with an emergency department","Public","<50",-31.704565,148.664889,311,"Gilgandra",11104,"Rest of NSW"
"106","Glen Innes Hospital","02 6739 0200","94 Taylor Street","GLEN INNES","2370","NSW","Hunter New England","Hunter New England and Central Coast","","Small hospital with an emergency department","Public","<50",-29.733293,151.731673,317,"Glen Innes",11190,"Rest of NSW"
"107","Gloucester Hospital","02 6538 5000","166-182 Church Street","GLOUCESTER","2422","NSW","Hunter New England","Hunter New England and Central Coast","","Small hospital with an emergency department","Public","50-99",-32.014787,151.958556,322,"Gloucester",11167,"Rest of NSW"
"108","Goodooga Health Service","02 6820 6200","49 Hammond Street","GOODOOGA","2838","NSW","Western NSW","Western NSW","","Regional hospital","Public","<50",-29.110249,147.456114,327,"Walgett - Lightning Ridge",11096,"Rest of NSW"
"109","Gosford Hospital","02 4320 2111","76 Holden Street","GOSFORD","2250","NSW","Central Coast","Hunter New England and Central Coast","www.cclhd.health.nsw.gov.au/","Large metropolitan hospital with an emergency department","Public","200-500",-33.419451,151.340328,331,"Gosford - Springfield",11032,"Greater Sydney"
"110","Goulburn Hospital","02 4827 3111","130 Goldsmith Street","GOULBURN","2580","NSW","Southern NSW","South Eastern NSW","","Medium regional hospital with an emergency department","Public","100-199",-34.747527,149.712806,332,"Goulburn",11539,"Rest of NSW"
"111","Gower Wilson Multi Purpose Service","02 6563 2000","Lagoon Road","LORD HOWE ISLAND","2898","NSW","South Eastern Sydney","Central and Eastern Sydney","www.seslhd.health.nsw.gov.au/Health_Services/LordHoweIsland.asp","Regional hospital","Public","<50",-31.535603,159.071307,337,"Lord Howe Island",11161,"Rest of NSW"
"112","Grafton Base Hospital","02 6640 2222","174 Arthur Street","GRAFTON","2460","NSW","Northern NSW","North Coast","","Medium regional hospital with an emergency department","Public","50-99",-29.674807,152.941274,338,"Grafton",11080,"Rest of NSW"
"113","Greenwich Hospital","02 9903 8333","97-115 River Road","GREENWICH","2065","NSW","Northern Sydney","Northern Sydney","www.greenwichhospital.com.au","Metropolitan hospital","Public","<50",-33.827329,151.183376,342,"Lane Cove - Greenwich",11400,"Greater Sydney"
"114","Grenfell Multi Purpose Service","02 6349 1700","80-96 Cowra Road","GRENFELL","2810","NSW","Western NSW","Western NSW","","Regional hospital with an emergency department","Public","<50",-33.894286,148.167843,343,"Grenfell",11066,"Rest of NSW"
"115","Griffith Hospital","02 6969 5555","1 Noorebar Avenue","GRIFFITH","2680","NSW","Murrumbidgee","Murrumbidgee","","Large regional hospital with an emergency department","Public","50-99",-34.282121,146.043774,344,"Griffith (NSW)",11256,"Rest of NSW"
"116","Gulargambone Multi Purpose Service","02 6827 4200","47 Bourbah Street","GULARGAMBONE","2828","NSW","Western NSW","Western NSW","","Regional hospital","Public","<50",-31.329812,148.469216,346,"Coonamble",11094,"Rest of NSW"
"117","Gulgong Multi Purpose Service","02 6374 3400","34 Goolma Road","GULGONG","2852","NSW","Western NSW","Western NSW","","Regional hospital with an emergency department","Public","<50",-32.366871,149.521893,347,"Mudgee Region - West",11074,"Rest of NSW"
"118","Gundagai Hospital","02 6940 6300","50 Tor Street","GUNDAGAI","2722","NSW","Murrumbidgee","Murrumbidgee","","Regional hospital with an emergency department","Public","<50",-35.051394,148.101764,349,"Gundagai",11264,"Rest of NSW"
"119","Gunnedah Hospital","02 6741 8000","2 Marquis Street","GUNNEDAH","2380","NSW","Hunter New England","Hunter New England and Central Coast","","Small hospital with an emergency department","Public","<50",-30.983146,150.251339,350,"Gunnedah",11199,"Rest of NSW"
"120","Guyra Multi Purpose Service","02 6738 4000","44-48 Sole Street","GUYRA","2365","NSW","Hunter New England","Hunter New England and Central Coast","","Regional hospital with an emergency department","Public","<50",-30.213889,151.679112,351,"Armidale Region - North",11187,"Rest of NSW"
"121","Hawkesbury Hospital","02 4560 5555","2 Day Street","WINDSOR","2756","NSW","Nepean Blue Mountains","Nepean Blue Mountains","","Medium metropolitan hospital with an emergency department","Public","50-99",-33.610712,150.820804,358,"Windsor - Bligh Park",11467,"Greater Sydney"
"122","Hay Hospital","02 6990 8700","351 Murray Street","HAY","2711","NSW","Murrumbidgee","Murrumbidgee","","Regional hospital with an emergency department","Public","<50",-34.500349,144.851433,359,"Hay",11177,"Rest of NSW"
"123","Henty Multi Purpose Service","02 6929 4999","7 Keighran Street","HENTY","2658","NSW","Murrumbidgee","Murrumbidgee","","Regional hospital with an emergency department","Public","<50",-35.515801,147.031847,367,"Albury Region",11175,"Rest of NSW"
"124","Hillston Hospital","02 6961 7200","48C Burns Street","HILLSTON","2675","NSW","Murrumbidgee","Murrumbidgee","","Regional hospital with an emergency department","Public","<50",-33.478793,145.539032,374,"Griffith Region",11257,"Rest of NSW"
"125","Holbrook Hospital","02 6036 2522","Bowler Street","HOLBROOK","2644","NSW","Murrumbidgee","Murrumbidgee","","Regional hospital with an emergency department","Public","<50",-35.723991,147.320276,379,"Albury Region",11175,"Rest of NSW"
"126","Hornsby Ku-ring-gai Hospital","02 9477 9123","36-76 Palmerston Road","HORNSBY","2077","NSW","Northern Sydney","Northern Sydney","www.nslhd.health.nsw.gov.au/hospitals/hornsby/","Large metropolitan hospital with an emergency department","Public","200-500",-33.701448,151.112941,385,"Hornsby - East",11577,"Greater Sydney"
"127","Hunter New England Mater Mental Health Service","02 4033 5000","Edith Street","WARATAH","2298","NSW","Hunter New England","Hunter New England and Central Coast","","Specialist psychiatric hospital","Public","100-199",-32.897873,151.720669,387,"Waratah - North Lambton",11234,"Rest of NSW"
"128","Hunter Valley Private Hospital","02 4944 3744","20 Mawson Street","SHORTLAND","2307","NSW","","","www.hvph.com.au","","Private","50-99",-32.883085,151.695054,388,"Shortland - Jesmond",11231,"Rest of NSW"
"129","Hunters Hill Private Hospital","02 8876 9300","9 Mount Street","HUNTERS HILL","2110","NSW","","","www.huntershillprivate.com.au","","Private","<50",-33.835273,151.150172,389,"Hunters Hill - Woolwich",11499,"Greater Sydney"
"130","Hurstville Private","02 9579 7777","37 Gloucester Road","HURSTVILLE","2220","NSW","","","www.hurstvilleprivate.com.au","","Private","50-99",-33.962333,151.095989,391,"Hurstville",11368,"Greater Sydney"
"131","Illawarra Mental Health Services","","","WOLLONGONG","2500","NSW","Illawarra Shoalhaven","South Eastern NSW","","Metropolitan hospital","Public","<50",-34.42623,150.891252,392,"Wollongong - East",11548,"Rest of NSW"
"132","Inverell Hospital","02 6721 9500","41 Swanbrook Road","INVERELL","2360","NSW","Hunter New England","Hunter New England and Central Coast","","Small hospital with an emergency department","Public","<50",-29.770728,151.130139,398,"Inverell",11191,"Rest of NSW"
"133","Ivanhoe Hospital","02 6990 2200","11 Columbus Street","IVANHOE","2878","NSW","Far West","Western NSW","","Regional hospital with an emergency department","Public","<50",-32.898193,144.298904,401,"Far West",11098,"Rest of NSW"
"134","Jerilderie Multi Purpose Service","03 5886 1300","33-39 Southey Street","JERILDERIE","2716","NSW","Murrumbidgee","Murrumbidgee","","Regional hospital with an emergency department","Public","<50",-35.356628,145.720596,404,"Tocumwal - Finley - Jerilderie",11185,"Rest of NSW"
"135","John Hunter Hospital","02 4921 3000","Lookout Road","NEW LAMBTON","2305","NSW","Hunter New England","Hunter New England and Central Coast","","Major hospital with an emergency department","Public",">500",-32.922177,151.692438,408,"Lambton - New Lambton",11225,"Rest of NSW"
"136","Junee Multi Purpose Service","02 6924 8200","67 Broadway Street","JUNEE","2663","NSW","Murrumbidgee","Murrumbidgee","","Regional hospital with an emergency department","Public","<50",-34.866914,147.581314,414,"Junee",11265,"Rest of NSW"
"137","Justice Health Services","02 9700 3000","1300 Anzac Parade","MALABAR","2036","NSW","Justice Health & Forensic Mental Health","Central and Eastern Sydney","www.justicehealth.nsw.gov.au/","Specialist psychiatric hospital","Public","200-500",-33.96907,151.243206,415,"Malabar - La Perouse - Chifley",11350,"Greater Sydney"
"138","Kareena Private Hospital","02 9717 0000","86 Kareena Road","CARINGBAH","2229","NSW","","","www.kareenaprivate.com.au","","Private","100-199",-34.034986,151.114186,422,"Caringbah",11602,"Greater Sydney"
"139","Karitane Mothercraft Society","02 9794 2300","Corner of The Horsley Drive and Mitchell Street","CARRAMAR","2163","NSW","South Western Sydney","South Western Sydney","www.karitane.com.au/","Early parenting centre","Public","<50",-33.879777,150.965763,423,"Fairfield - East",11480,"Greater Sydney"
"140","Kempsey Hospital","02 6562 6155","119 River Street","KEMPSEY","2440","NSW","Mid North Coast","North Coast","","Medium regional hospital with an emergency department","Public","50-99",-31.067841,152.820038,430,"Kempsey",11155,"Rest of NSW"
"141","Kenmore Hospital","02 4827 3303","Taralga Road","KENMORE","2580","NSW","Southern NSW","South Eastern NSW","","Specialist psychiatric hospital","Public","<50",-34.721253,149.751344,431,"Goulburn",11539,"Rest of NSW"
"142","Kiama Hospital","02 4233 1033","Bonaira Street","KIAMA","2533","NSW","Illawarra Shoalhaven","South Eastern NSW","www.islhd.health.nsw.gov.au/Kiama_Hospital/default.asp","Regional hospital","Public","<50",-34.682937,150.850514,433,"Kiama",11138,"Rest of NSW"
"143","Kingsway Day Surgery","02 9717 0700","Level 1, 533 Kingsway","MIRANDA","2228","NSW","","","http://www.kingswaydaysurgery.com.au/","","Private","<50",-34.034096,151.103827,441,"Miranda - Yowie Bay",11530,"Greater Sydney"
"144","Kurri Kurri Hospital","02 4936 3200","432 Lang Street","KURRI KURRI","2327","NSW","Hunter New England","Hunter New England and Central Coast","","Small hospital with an emergency department","Public","50-99",-32.825017,151.463018,449,"Kurri Kurri - Abermain",11111,"Rest of NSW"
"145","Kyogle Multi Purpose Service","02 6632 1522","199 Summerland Way","KYOGLE","2474","NSW","Northern NSW","North Coast","","Regional hospital with an emergency department","Public","<50",-28.627124,153.001742,452,"Kyogle",11247,"Rest of NSW"
"146","Lachlan Health Service - Forbes","02 6850 7100","Lot 1 Elgin Street","FORBES","2871","NSW","Western NSW","Western NSW","","Small hospital with an emergency department","Public","<50",-33.396281,148.013831,454,"Forbes",11065,"Rest of NSW"
"147","Lachlan Health Service - Parkes","02 6861 2400","2 Morrissey Way","PARKES","2870","NSW","Western NSW","Western NSW","","Small hospital with an emergency department","Public","<50",-33.151507,148.169757,455,"Parkes (NSW)",11067,"Rest of NSW"
"148","Lady Davidson Private Hospital","02 9488 0111","Bobbin Head Road","NORTH TURRAMURRA","2074","NSW","","","www.ladydavidsonprivatehospital.com.au","","Private","100-199",-33.726718,151.139119,456,"Turramurra",11411,"Greater Sydney"
"149","Lake Cargelligo Multi Purpose Service","02 6898 1200","Uabba Street","LAKE CARGELLIGO","2672","NSW","Murrumbidgee","Murrumbidgee","","Regional hospital with an emergency department","Public","<50",-33.292027,146.374304,458,"Condobolin",11062,"Rest of NSW"
"150","Lake Macquarie Private Hospital","02 4943 3122","3 Sydney Street","GATESHEAD","2290","NSW","","","www.lakemacquarieprivate.com","","Private","100-199",-32.981232,151.691719,460,"Charlestown - Dudley",11208,"Rest of NSW"
"151","Lawrence Hargrave Private Hospital","02 4267 2811","72 Phillip Street","THIRROUL","2515","NSW","","","www.lawrencehargraveprivate.com.au/","","Private","50-99",-34.310173,150.917631,466,"Thirroul - Austinmer - Coalcliff",11148,"Rest of NSW"
"152","Leeton Hospital","02 6953 1111","1 Myall Street","LEETON","2705","NSW","Murrumbidgee","Murrumbidgee","","Small hospital with an emergency department","Public","50-99",-34.545222,146.408831,467,"Leeton",11258,"Rest of NSW"
"153","Lightning Ridge Multi Purpose Service","02 6829 9999","Lot 25 Pandora Street","LIGHTNING RIDGE","2834","NSW","Western NSW","Western NSW","","Regional hospital with an emergency department","Public","<50",-29.429973,147.981869,470,"Walgett - Lightning Ridge",11096,"Rest of NSW"
"154","Lismore Hospital","02 6621 8000","60 Uralba Street","LISMORE","2480","NSW","Northern NSW","North Coast","","Large regional hospital with an emergency department","Public","200-500",-28.809191,153.291045,472,"Lismore",11248,"Rest of NSW"
"155","Lithgow Hospital","02 6350 2300","2 Col Drewe Drive","LITHGOW","2790","NSW","Nepean Blue Mountains","Nepean Blue Mountains","www.nbmlhd.health.nsw.gov.au/Lithgow-Hospital/Lithgow-Health-Service","Small hospital with an emergency department","Public","50-99",-33.498751,150.127701,473,"Lithgow",11070,"Rest of NSW"
"156","Liverpool Day Surgery","02 9601 4488","105-119 Longstaff Avenue","CHIPPING NORTON","2170","NSW","","","","","Private","<50",-33.926324,150.953704,474,"Chipping Norton - Moorebank",11523,"Greater Sydney"
"157","Liverpool Eye Surgery","02 9734 7000","1-11 Moore Street","LIVERPOOL","2170","NSW","","","http://www.curagroup.com.au/liverpool-eye-surgery","","Private","<50",-33.922953,150.926861,475,"Liverpool",11598,"Greater Sydney"
"158","Liverpool Hospital","02 9828 3000","Lot 2 Elizabeth Street","LIVERPOOL","2170","NSW","South Western Sydney","South Western Sydney","https://www.swslhd.health.nsw.gov.au/liverpool/","Major hospital with an emergency department","Public",">500",-33.919966,150.930776,476,"Liverpool",11598,"Greater Sydney"
"159","Lockhart Hospital","02 6930 7100","53-55 Hebden Street","LOCKHART","2656","NSW","Murrumbidgee","Murrumbidgee","","Regional hospital with an emergency department","Public","<50",-35.222378,146.719064,477,"Wagga Wagga Region",11271,"Rest of NSW"
"160","Long Jetty Health Care Centre","02 4336 7700","Wyong Road","KILLARNEY VALE","2261","NSW","Central Coast","Hunter New England and Central Coast","","Metropolitan hospital","Public","<50",-33.369012,151.468538,480,"Bateau Bay - Killarney Vale",11044,"Greater Sydney"
"161","Lourdes Hospital Dubbo","02 6841 8500","80-110 Cobbora Road","DUBBO","2830","NSW","Western NSW","Western NSW","","Specialist rehabilitation hospital","Public","<50",-32.238511,148.627361,483,"Dubbo - South",11101,"Rest of NSW"
"162","Macksville Hospital","02 6568 0666","14-22 Boundary Street","MACKSVILLE","2447","NSW","Mid North Coast","North Coast","","Small hospital with an emergency department","Public","<50",-30.713725,152.919838,489,"Macksville - Scotts Head",11157,"Rest of NSW"
"163","Maclean Hospital","02 6640 0111","21 Union Street","MACLEAN","2463","NSW","Northern NSW","North Coast","","Small hospital with an emergency department","Public","<50",-29.454219,153.201094,490,"Maclean - Yamba - Iluka",11082,"Rest of NSW"
"164","Macquarie Hospital","02 9888 1222","1 Wicks Road","NORTH RYDE","2113","NSW","Northern Sydney","Northern Sydney","www.nslhd.health.nsw.gov.au/Hospitals/Macquarie/","Specialist psychiatric hospital","Public","100-199",-33.802312,151.124818,491,"North Ryde - East Ryde",11501,"Greater Sydney"
"165","Macquarie University Hospital","02 9812 3000","3 Technology Place","MACQUARIE UNIVERSITY","2113","NSW","","","www.muh.org.au","","Private","100-199",-33.773484,151.117877,492,"Macquarie Park - Marsfield",11500,"Greater Sydney"
"166","Madison Day Surgery","02 8445 0633","3/25-29 Hunter St","HORNSBY","2077","NSW","","Northern Sydney","www.madisonds.com.au","","Private","<50",-33.703145,151.100395,493,"Hornsby - East",11577,"Greater Sydney"
"167","Maitland Hospital","02 4939 2000","550-560 High Street","MAITLAND","2320","NSW","Hunter New England","Hunter New England and Central Coast","","Medium metropolitan hospital with an emergency department","Public","100-199",-32.726723,151.545887,494,"Maitland",11114,"Rest of NSW"
"168","Manilla Hospital","02 6785 4000","143 Court Street","MANILLA","2346","NSW","Hunter New England","Hunter New England and Central Coast","","Regional hospital with an emergency department","Public","50-99",-30.745717,150.732249,501,"Tamworth Region",11205,"Rest of NSW"
"169","Manning Hospital","02 6592 9111","26 York Street","TAREE","2430","NSW","Hunter New England","Hunter New England and Central Coast","","Large regional hospital with an emergency department","Public","100-199",-31.910418,152.454485,502,"Taree",11169,"Rest of NSW"
"170","Mater Hospital Sydney","02 9900 7300","25 Rocklands Road","NORTH SYDNEY","2060","NSW","","","www.matersydney.com.au","","Private","200-500",-33.831152,151.201247,517,"North Sydney - Lavender Bay",11417,"Greater Sydney"
"171","Menindee Health Service","08 8091 4209","Perry Street","MENINDEE","2879","NSW","Far West","Western NSW","","Regional hospital with an emergency department","Public","<50",-32.390335,142.414869,535,"Far West",11098,"Rest of NSW"
"172","Mercy Care Hospital - Albury","02 6042 1400","550 Poole Street","ALBURY","2640","NSW","Murrumbidgee","Murray","http://www.mercyhealth.com.au/hcmhs/clinics/Pages/Mercy%20Health%20Albury.aspx","Regional hospital","Public","<50",-36.069221,146.916764,537,"Albury - South",11174,"Rest of NSW"
"173","Mercy Care Hospital - Young","02 6382 8444","69 Demondrille Street","YOUNG","2594","NSW","Murrumbidgee","Murrumbidgee","www.mercyhealth.com.au/hcmhs/clinics/Pages/Mercy%20Care%20Centre%20Young.aspx","Regional hospital","Public","<50",-34.321003,148.288693,538,"Young",11543,"Rest of NSW"
"174","Merriwa Multi Purpose Service","02 6532 5000","MacKenzie Street","MERRIWA","2329","NSW","Hunter New England","Hunter New England and Central Coast","","Regional hospital with an emergency department","Public","<50",-32.142714,150.361316,542,"Scone Region",11129,"Rest of NSW"
"175","MetroRehab Hospital","02 8585 4900","275 Addison Road","PETERSHAM","2049","NSW","","","www.metrorehab.com.au","","Private","<50",-33.899441,151.155602,544,"Petersham - Stanmore",11327,"Greater Sydney"
"176","Metwest Surgical","02 9622 7667","17 Hereward Highway","BLACKTOWN","2148","NSW","","","www.metwesteyecentre.com.au","","Private","<50",-33.774236,150.912421,545,"Blacktown (West)",11561,"Greater Sydney"
"177","Milton Ulladulla Hospital","02 4455 1333","104-106 Princes Highway","MILTON","2538","NSW","Illawarra Shoalhaven","South Eastern NSW","www.islhd.health.nsw.gov.au/Milton_Ulladulla/default.asp","Small hospital with an emergency department","Public","<50",-35.317313,150.438918,552,"Ulladulla",11282,"Rest of NSW"
"178","Miranda Eye Surgical Centre","02 9540 4586","Suite 4/16-22 Willock Avenue","MIRANDA","2228","NSW","","","","","Private","<50",-34.03244,151.101631,553,"Miranda - Yowie Bay",11530,"Greater Sydney"
"179","Mogo Day Surgery","02 4474 3774","2-4 Charles Street","MOGO","2536","NSW","","","www.mogodaysurgery.com.au","","Private","<50",-35.782893,150.14387,557,"Eurobodalla Hinterland",11024,"Rest of NSW"
"180","Molong Health Service","02 6392 3300","King Street","MOLONG","2866","NSW","Western NSW","Western NSW","","Regional hospital with an emergency department","Public","<50",-33.087622,148.859724,558,"Orange Region",11079,"Rest of NSW"
"181","Mona Vale Hospital","02 9998 0333","Coronation Street","MONA VALE","2103","NSW","Northern Sydney","Northern Sydney","www.nslhd.health.nsw.gov.au/Hospitals/MonaVale/","Large metropolitan hospital","Public","100-199",-33.685353,151.306618,559,"Warriewood - Mona Vale",11423,"Greater Sydney"
"182","Moree Hospital","02 6757 0000","Alice Street","MOREE","2400","NSW","Hunter New England","Hunter New England and Central Coast","","Small hospital with an emergency department","Public","<50",-29.470678,149.839648,567,"Moree",11195,"Rest of NSW"
"183","Morisset Hospital","02 4973 0222","Dora Street","MORISSET","2264","NSW","Hunter New England","Hunter New England and Central Coast","","Specialist psychiatric hospital","Public","100-199",-33.128549,151.512816,568,"Morisset - Cooranbong",11218,"Rest of NSW"
"184","Moruya Hospital","02 4474 2666","2-10 River Street","MORUYA","2537","NSW","Southern NSW","South Eastern NSW","","Small hospital with an emergency department","Public","50-99",-35.904137,150.070774,570,"Moruya - Tuross Head",11026,"Rest of NSW"
"185","Mount Druitt Hospital","02 9881 1555","75 Railway Street","MOUNT DRUITT","2770","NSW","Western Sydney","Western Sydney","http://www.wslhd.health.nsw.gov.au/Blacktown-Mount-Druitt-Hospital","Medium metropolitan hospital with an emergency department","Public","100-199",-33.765929,150.829646,573,"Mount Druitt - Whalan",11317,"Greater Sydney"
"186","Mount Wilga Private Hospital","02 9847 5000","66 Rosamond Street","HORNSBY","2077","NSW","","","www.mtwilgaprivate.com.au/","","Private","50-99",-33.692829,151.092939,580,"Hornsby - East",11577,"Greater Sydney"
"187","Mudgee Health Service","02 6378 6222","Meares Street","MUDGEE","2850","NSW","Western NSW","Western NSW","","Small hospital with an emergency department","Public","<50",-32.603229,149.588179,583,"Mudgee",11072,"Rest of NSW"
"188","Murrumburrah-Harden Hospital","02 6386 2200","54 Swift Street","HARDEN","2587","NSW","Murrumbidgee","Murrumbidgee","","Regional hospital with an emergency department","Public","<50",-34.555254,148.360186,591,"Young Region",11544,"Rest of NSW"
"189","Murwillumbah Hospital","02 6672 1822","8 Ewing Street","MURWILLUMBAH","2484","NSW","Northern NSW","North Coast","","Small hospital with an emergency department","Public","50-99",-28.323417,153.400811,592,"Murwillumbah",11251,"Rest of NSW"
"190","Muswellbrook Hospital","02 6542 2000","36 Brentwood Street","MUSWELLBROOK","2333","NSW","Hunter New England","Hunter New England and Central Coast","","Small hospital with an emergency department","Public","50-99",-32.264545,150.900263,593,"Muswellbrook",11126,"Rest of NSW"
"191","Narrabri Hospital","02 6799 2800","11 Cameron Street","NARRABRI","2390","NSW","Hunter New England","Hunter New England and Central Coast","www.hnehealth.nsw.gov.au","Small hospital with an emergency department","Public","<50",-30.325869,149.777108,601,"Narrabri",11197,"Rest of NSW"
"192","Narrandera Hospital","02 6951 0200","54 Adams Street","NARRANDERA","2700","NSW","Murrumbidgee","Murrumbidgee","","Small hospital with an emergency department","Public","<50",-34.743181,146.547661,602,"Narrandera",11259,"Rest of NSW"
"193","Narromine Health Service","02 6889 9600","128 Cathundral Street","NARROMINE","2821","NSW","Western NSW","Western NSW","","Regional hospital with an emergency department","Public","<50",-32.24261,148.239201,604,"Narromine",11105,"Rest of NSW"
"194","National Capital Private Hospital","02 6222 6666","Corner of Gilmore Crescent and Hospital Road","GARRAN","2605","ACT","","","www.nationalcapitalprivatehospital.com.au","","Private","50-99",-35.344872,149.101944,606,"Garran",81102,"Australian Capital Territory"
"195","Nepean Hospital","02 4734 2000","Derby Street","KINGSWOOD","2747","NSW","Nepean Blue Mountains","Nepean Blue Mountains","www.nbmlhd.health.nsw.gov.au/Nepean-Hospital/Nepean-Hospital","Major hospital with an emergency department","Public",">500",-33.759865,150.712627,607,"Kingswood - Werrington",11462,"Greater Sydney"
"196","Nepean Private Hospital","02 4732 7333","1-9 Barber Avenue","KINGSWOOD","2747","NSW","","","www.nepeanprivatehospital.com.au","","Private","100-199",-33.759775,150.715206,608,"Kingswood - Werrington",11462,"Greater Sydney"
"197","Neringah Hospital","02 9488 2200","4-12 Neringah Avenue","WAHROONGA","2076","NSW","Northern Sydney","Northern Sydney","","Metropolitan hospital","Public","<50",-33.717856,151.114556,609,"Wahroonga (East) - Warrawee",11412,"Greater Sydney"
"198","Newcastle Private Hospital","02 4941 8400","14 Lookout Road","NEW LAMBTON HEIGHTS","2305","NSW","","","www.newcastleprivatehospital.com.au","","Private","100-199",-32.922537,151.698371,612,"Glendale - Cardiff - Hillsborough",11209,"Rest of NSW"
"199","Nimbin Multi Purpose Service","02 6689 1400","35 Cullen Street","NIMBIN","2480","NSW","Northern NSW","North Coast","","Regional hospital with an emergency department","Public","<50",-28.597371,153.223185,615,"Lismore Region",11249,"Rest of NSW"
"200","North Shore Private Hospital","02 8425 3000","3 Westbourne Street","ST LEONARDS","2065","NSW","","","www.northshoreprivate.com.au","","Private","200-500",-33.820622,151.189159,625,"St Leonards - Naremburn",11401,"Greater Sydney"
"201","Northern Beaches Hospital","02 9105 5000","105 Frenchs Forest Road (West)","FRENCHS FOREST","2086","NSW","Northern Sydney","Northern Sydney","www.northernbeacheshospital.com.au","","Public","200-500",-33.750646,151.23377,631,"Frenchs Forest - Belrose",11428,"Greater Sydney"
"202","Northside Clinic","02 9433 3555","2 Greenwich Road","GREENWICH","2065","NSW","","","www.northsidegroup.com.au","","Private","50-99",-33.825156,151.188367,634,"Lane Cove - Greenwich",11400,"Greater Sydney"
"203","Northside Cremorne Clinic","02 9909 8577","3 Harrison Street","CREMORNE","2090","NSW","","","www.northsidegroup.com.au","","Private","<50",-33.833425,151.222886,635,"Cremorne - Cammeray",11413,"Greater Sydney"
"204","Northside Macarthur Clinic","02 4640 5555","92-96 Dumaresq Street","CAMPBELLTOWN","2560","NSW","","","www.northsidemacarthur.com.au/","","Private","<50",-34.071999,150.816958,636,"Campbelltown - Woodbine",11437,"Greater Sydney"
"205","Northside West Clinic","02 8833 2222","23-27 Lytton Street","WENTWORTHVILLE","2145","NSW","","","www.northsidegroup.com.au","","Private","50-99",-33.811188,150.974575,637,"Wentworthville - Westmead",11589,"Greater Sydney"
"206","Norwest Private Hospital","02 8882 8882","11 Norbrik Drive","BELLA VISTA","2153","NSW","","","www.norwestprivatehospital.com.au","","Private","200-500",-33.744941,150.953608,638,"Baulkham Hills (West) - Bella Vista",11291,"Greater Sydney"
"207","Nowra Private Hospital","02 4424 4700","Weeroona Place","NOWRA","2541","NSW","","","www.nowraprivate.com.au","","Private","50-99",-34.893534,150.606551,639,"Nowra",11278,"Rest of NSW"
"208","Nyngan Multi Purpose Service","02 6835 1700","Hospital Road","NYNGAN","2825","NSW","Western NSW","Western NSW","","Regional hospital with an emergency department","Public","<50",-31.560024,147.208772,641,"Nyngan - Warren",11095,"Rest of NSW"
"209","Oberon Multi Purpose Service","02 6336 7200","67-73 North Street","OBERON","2787","NSW","Western NSW","Western NSW","","Regional hospital with an emergency department","Public","<50",-33.705249,149.853596,643,"Oberon",11061,"Rest of NSW"
"210","Orange Day Surgery Centre","02 6360 3699","60-62 McNamara Street","ORANGE","2800","NSW","","","","","Private","<50",-33.283027,149.102737,646,"Orange",11077,"Rest of NSW"
"211","Orange Health Service","02 6369 3000","1530 Forest Road","ORANGE","2800","NSW","Western NSW","Western NSW","","Large regional hospital with an emergency department","Public","200-500",-33.317316,149.093953,647,"Orange",11077,"Rest of NSW"
"212","Pambula Hospital","02 6495 8200","Merimbola Street","PAMBULA","2549","NSW","Southern NSW","South Eastern NSW","","Regional hospital","Public","<50",-36.926316,149.879232,657,"Merimbula - Tura Beach",11025,"Rest of NSW"
"213","Peak Hill Multipurpose Service","02 6861 7100","111 Newell Highway","PEAK HILL","2869","NSW","Western NSW","Western NSW","","Regional hospital with an emergency department","Public","<50",-32.735907,148.199615,661,"Parkes Region",11068,"Rest of NSW"
"214","Pennant Hills Day Surgery","02 9481 0048","361 Pennant Hills Rd","PENNANT HILLS","2120","NSW","","","www.pennanthillsdaysurgery.com.au","","Private","",-33.738295,151.074354,666,"Pennant Hills - Cheltenham",11496,"Greater Sydney"
"215","Perfect Vision Day Surgery","131340","3/25-29 Hunter Street","HORNSBY","2077","NSW","","","www.perfectvision.com.au","","Private","",-33.70323,151.100259,668,"Hornsby - East",11577,"Greater Sydney"
"216","Port Kembla Hospital","02 4223 8000","89-91 Cowper Street","WARRAWONG","2502","NSW","Illawarra Shoalhaven","South Eastern NSW","www.islhd.health.nsw.gov.au/Port_Kembla_Hospital/default.asp","Metropolitan hospital","Public","50-99",-34.485923,150.881778,681,"Port Kembla - Warrawong",11546,"Rest of NSW"
"217","Port Macquarie Hospital","02 6581 2000","1-31 Wrights Road","PORT MACQUARIE","2444","NSW","Mid North Coast","North Coast","","Large regional hospital with an emergency department","Public","200-500",-31.452336,152.878304,683,"Port Macquarie - East",11163,"Rest of NSW"
"218","Port Macquarie Private Hospital","02 6583 5655","Lake Road","PORT MACQUARIE","2444","NSW","","","www.portmacquarieprivate.com.au/","","Private","50-99",-31.442073,152.909375,684,"Port Macquarie - East",11163,"Rest of NSW"
"219","Portland Hospital","02 6359 2666","20 Green Street","PORTLAND","2847","NSW","Nepean Blue Mountains","Nepean Blue Mountains","www.nbmlhd.health.nsw.gov.au/Portland-Tabulam-Health-Service","Regional hospital","Public","<50",-33.358415,149.978565,687,"Lithgow Region",11071,"Rest of NSW"
"220","Prince of Wales Hospital","02 9382 2222","320-346 Barker Street","RANDWICK","2031","NSW","South Eastern Sydney","Central and Eastern Sydney","www.seslhd.health.nsw.gov.au/prince-of-wales-hospital","Major hospital with an emergency department","Public","200-500",-33.918492,151.23938,689,"Randwick - North",11569,"Greater Sydney"
"221","Prince of Wales Private Hospital","02 9650 4000","Barker Street","RANDWICK","2031","NSW","","","www.princeofwalesprivatehospital.com.au","","Private","100-199",-33.918492,151.238659,690,"Randwick - North",11569,"Greater Sydney"
"222","QEII Family Centre","02 6205 2333","129 Carruthers Street","CURTIN","2605","ACT","Australian Capital Territory","Australian Capital Territory","www.cmsinc.org.au","Early parenting centre","Public","<50",-35.323284,149.079172,693,"Curtin",81100,"Australian Capital Territory"
"223","Queanbeyan Hospital","02 6150 7000","16 Erin Street","QUEANBEYAN","2620","NSW","Southern NSW","South Eastern NSW","","Small hospital with an emergency department","Public","50-99",-35.347685,149.232294,695,"Queanbeyan",11009,"Rest of NSW"
"224","Quirindi Hospital","02 6746 0200","Nowland Street","QUIRINDI","2343","NSW","Hunter New England","Hunter New England and Central Coast","","Regional hospital with an emergency department","Public","<50",-31.500345,150.676621,701,"Quirindi",11201,"Rest of NSW"
"225","Radiation Oncology Institute - Gosford","02 4349 8000","41 William Street","GOSFORD","2250","NSW","","","https://www.radiationoncologycentres.com.au/centres/gosford/","","Private","",-33.427046,151.345848,703,"Gosford - Springfield",11032,"Greater Sydney"
"226","Radiation Oncology Institute - The Sydney Adventist Hospital Wahroonga","02 9487 9300","185 Fox Valley Road","WAHROONGA","2076","NSW","","","http://www.sah.org.au/radiotherapy","","Private","",-33.733389,151.098606,704,"Wahroonga (East) - Warrawee",11412,"Greater Sydney"
"227","Riverina Day Surgery","02 6925 6256","2-8 Meurant Avenue","WAGGA WAGGA","2650","NSW","","","http://www.curagroup.com.au/riverina-day-surgery","","Private","",-35.120903,147.353809,712,"Wagga Wagga - West",11270,"Rest of NSW"
"228","Riverlands Drug and Alcohol Centre","02 6620 7600","Hunter Street","LISMORE","2480","NSW","Northern NSW","North Coast","","Drug and alcohol hospital","Public","<50",-28.80834,153.29112,714,"Lismore",11248,"Rest of NSW"
"229","Royal Hospital for Women","02 9382 6111","Barker Street","RANDWICK","2031","NSW","South Eastern Sydney","Central and Eastern Sydney","www.seslhd.health.nsw.gov.au/RHW/default.asp","Specialist women's hospital","Public","100-199",-33.919035,151.237938,732,"Randwick - North",11569,"Greater Sydney"
"230","Royal North Shore Hospital","02 9926 7111","1 Reserve Road","ST LEONARDS","2065","NSW","Northern Sydney","Northern Sydney","www.nslhd.health.nsw.gov.au/Hospitals/RNSH/","Major hospital with an emergency department","Public",">500",-33.821312,151.189735,735,"St Leonards - Naremburn",11401,"Greater Sydney"
"231","Royal Prince Alfred Hospital","02 9515 6111","50 Missenden Road","CAMPERDOWN","2006","NSW","Sydney","Central and Eastern Sydney","www.sswahs.nsw.gov.au/rpa/","Major hospital with an emergency department","Public",">500",-33.889251,151.182926,737,"Newtown - Camperdown - Darlington",11332,"Greater Sydney"
"232","Royal Prince Alfred Institute of Rheumatology & Orthopaedics","","57 - 59 Missenden Road","CAMPERDOWN","2006","NSW","Sydney","Central and Eastern Sydney","","Specialist orthopaedic hospital","Public","<50",-33.88828,151.180707,738,"Newtown - Camperdown - Darlington",11332,"Greater Sydney"
"233","Royal Rehabilitation Hospital","02 9807 1144","227-259 Morrison Road","RYDE","2112","NSW","Northern Sydney","Northern Sydney","www.royalrehab.com.au/","Specialist rehabilitation hospital","Public","<50",-33.821772,151.107845,739,"Ryde",11591,"Greater Sydney"
"234","Ryde Hospital","02 9858 7888","Denistone Road","EASTWOOD","2122","NSW","Northern Sydney","Northern Sydney","www.nslhd.health.nsw.gov.au/hospitals/ryde/","Medium metropolitan hospital with an emergency department","Public","100-199",-33.795482,151.089756,744,"Eastwood - Denistone",11497,"Greater Sydney"
"235","Rylstone Multi Purpose Service","02 6357 8100","24 Fitzgerald Street","RYLSTONE","2849","NSW","Western NSW","Western NSW","","Regional hospital with an emergency department","Public","<50",-32.804085,149.975652,745,"Mudgee Region - East",11073,"Rest of NSW"
"236","Sacred Heart Hospice","02 8382 9444","170 Darlinghurst Road","DARLINGHURST","2010","NSW","Unknown","Central and Eastern Sydney","www.svhs.org.au/our-services/list-of-services/sacred-heart-health-service","Metropolitan hospital","Public","50-99",-33.880525,151.219237,746,"Darlinghurst",11329,"Greater Sydney"
"237","San Day Surgery Hornsby","02 9477 8888","1A Northcote Road","HORNSBY","2077","NSW","","","www.sandaysurgery.com.au","","Private","",-33.701961,151.110612,747,"Hornsby - East",11577,"Greater Sydney"
"238","Scone Hospital","02 6540 2100","Stafford Street","SCONE","2337","NSW","Hunter New England","Hunter New England and Central Coast","","Small hospital with an emergency department","Public","<50",-32.051525,150.876864,750,"Scone",11128,"Rest of NSW"
"239","Shellharbour Hospital","02 4295 2500","15-17 Madigan Boulevarde","MOUNT WARRIGAL","2528","NSW","Illawarra Shoalhaven","South Eastern NSW","","Medium metropolitan hospital with an emergency department","Public","100-199",-34.558987,150.840947,753,"Warilla",11143,"Rest of NSW"
"240","Shoalhaven Hospital","02 4421 3111","2 Shoalhaven Street","NOWRA","2541","NSW","Illawarra Shoalhaven","South Eastern NSW","www.islhd.health.nsw.gov.au/SDMH/default.asp","Large regional hospital with an emergency department","Public","100-199",-34.868767,150.595736,755,"Nowra",11278,"Rest of NSW"
"241","Singleton Hospital","02 6571 9222","Lot 20 Dangar Road","SINGLETON","2330","NSW","Hunter New England","Hunter New England and Central Coast","","Small hospital with an emergency department","Public","<50",-32.567087,151.185736,757,"Singleton",11112,"Rest of NSW"
"242","South East Regional Hospital","02 6491 9999","4 Virginia Drive","BEGA","2550","NSW","Southern NSW","South Eastern NSW","","Medium regional hospital with an emergency department","Public","50-99",-36.68905,149.858549,763,"Bega - Tathra",11019,"Rest of NSW"
"243","South Pacific Private","02 9905 3667","24 Beach Street","CURL CURL","2096","NSW","","","www.southpacificprivate.com.au","","Private","50-99",-33.775143,151.291425,766,"Freshwater - Brookvale",11429,"Greater Sydney"
"244","Southern Highlands Private Hospital","02 4862 9400","93-95 Bowral Street","BOWRAL","2576","NSW","","","www.southernhighlandsprivate.com.au","","Private","50-99",-34.484223,150.422882,771,"Bowral",11284,"Rest of NSW"
"245","Springwood Hospital","02 4751 0300","7-9 Huntley Grange Road","SPRINGWOOD","2777","NSW","Nepean Blue Mountains","Nepean Blue Mountains","www.nbmlhd.health.nsw.gov.au/Springwood-Hospital/","Small hospital","Public","<50",-33.690486,150.571129,778,"Springwood - Winmalee",11454,"Greater Sydney"
"246","St George Hospital NSW","02 9113 1111","30 Gray Street","KOGARAH","2217","NSW","South Eastern Sydney","Central and Eastern Sydney","www.seslhd.health.nsw.gov.au/SGH/default.asp","Major hospital with an emergency department","Public",">500",-33.966969,151.133776,783,"Kogarah",11378,"Greater Sydney"
"247","St George Private Hospital","02 9598 5555","1 South Street","KOGARAH","2217","NSW","","","www.stgeorgeprivate.com.au","","Private","200-500",-33.966952,151.136055,785,"Kogarah",11378,"Greater Sydney"
"248","St John of God Burwood Hospital","02 9715 9200","13 Grantham Street","BURWOOD","2134","NSW","","","www.sjog.org.au/burwood","","Private","50-99",-33.869832,151.100538,793,"Burwood - Croydon",11391,"Greater Sydney"
"249","St John of God Richmond Hospital","02 4570 6100","177 Grose Vale Road","NORTH RICHMOND","2754","NSW","","","www.sjog.org.au/richmond","","Private","50-99",-33.591946,150.702473,802,"Richmond - Clarendon",11466,"Greater Sydney"
"250","St Joseph's Hospital","02 9649 8941","Normanby Road","AUBURN","2144","NSW","St Vincent's Health Network","Western Sydney","www.svhs.org.au/about-us/st-josephs-hospital","Metropolitan hospital","Public","50-99",-33.848659,151.028339,805,"Auburn - Central",11582,"Greater Sydney"
"251","St Luke's Hospital","02 9356 0200","18 Roslyn Street","POTTS POINT","2011","NSW","","","www.slc.org.au","","Private","50-99",-33.874188,151.225836,806,"Potts Point - Woolloomooloo",11333,"Greater Sydney"
"252","St Vincent’s Hospital [Darlinghurst]","02 8382 1111","390 Victoria Street","DARLINGHURST","2010","NSW","St Vincent's Health Network","Central and Eastern Sydney","www.svhs.org.au","Major hospital with an emergency department","Public","200-500",-33.879692,151.221125,810,"Darlinghurst",11329,"Greater Sydney"
"253","St Vincents Private Hospital [Lismore]","02 6627 9600","20 Dalley Street","LISMORE","2480","NSW","","","www.svh.org.au","","Private","50-99",-28.819949,153.287381,812,"Lismore",11248,"Rest of NSW"
"254","St Vincent's Private Sydney","02 8382 7111","406 Victoria Street","DARLINGHURST","2010","NSW","","","www.stvincentsprivatehospital.com.au/","","Private","200-500",-33.880698,151.219462,818,"Darlinghurst",11329,"Greater Sydney"
"255","Strathfield Private Hospital","02 9745 7444","3 Everton Road","STRATHFIELD","2135","NSW","","","www.strathfieldprivate.com.au","","Private","50-99",-33.872059,151.097544,824,"Strathfield",11575,"Greater Sydney"
"256","Sutherland Heart Clinic","02 9540 8555","Level 2, The Sutherland Hospital, The Kingsway","CARINGBAH","2229","NSW","","","www.sutherlandheartclinic.com.au","","Private","<50",-34.037931,151.114153,835,"Caringbah",11602,"Greater Sydney"
"257","Sutherland Hospital","02 9540 7111","430 Kingsway","CARINGBAH","2229","NSW","South Eastern Sydney","Central and Eastern Sydney","http://www.seslhd.health.nsw.gov.au/TSH/","Large metropolitan hospital with an emergency department","Public","200-500",-34.037288,151.115151,836,"Caringbah",11602,"Greater Sydney"
"258","Sydney Adventist Hospital","02 9487 9111","185 Fox Valley Road","WAHROONGA","2076","NSW","","","www.sah.org.au","","Private",">500",-33.733379,151.099874,839,"Wahroonga (East) - Warrawee",11412,"Greater Sydney"
"259","Sydney Children's Hospital","02 9382 1111","High Street","RANDWICK","2031","NSW","Sydney Children's Hospitals Network","Central and Eastern Sydney","www.sch.edu.au/","Specialist children's hospital with an emergency department","Public","100-199",-33.917179,151.238334,840,"Randwick - North",11569,"Greater Sydney"
"260","Sydney Day Surgery - Prince Alfred","02 9550 5600","RPAH Medical Centre - Suite 106, 100 Carillon Avenue","NEWTOWN","2042","NSW","","","http://www.curagroup.com.au/sydney-day-surgery-prince-alfred","","Private","<50",-33.8912,151.1835,841,"Newtown - Camperdown - Darlington",11332,"Greater Sydney"
"261","Sydney Dental Hospital","02 9293 3200","2 Chalmers Street","SURRY HILLS","2010","NSW","South Eastern Sydney","Central and Eastern Sydney","www.sswahs.nsw.gov.au/sydneydentalhospital","Specialist dental hospital","Public","<50",-33.884469,151.207811,842,"Surry Hills",11336,"Greater Sydney"
"262","Sydney Hospital / Sydney Eye Hospital","02 9382 7111","8 Macquarie Street","SYDNEY","2000","NSW","South Eastern Sydney","Central and Eastern Sydney","www.seslhd.health.nsw.gov.au/SHSEH/default.asp","Medium metropolitan hospital with an emergency department","Public","50-99",-33.867929,151.212575,843,"Sydney - Haymarket - The Rocks",11337,"Greater Sydney"
"263","Sydney Southwest Private Hospital","02 9821 0333","40 Bigge Street","LIVERPOOL","2170","NSW","","","www.sydneysouthwestprivatehospital.com.au","","Private","50-99",-33.917876,150.927499,844,"Liverpool",11598,"Greater Sydney"
"264","Tamara Private Hospital","02 6766 1955","2-6 Dean Street","TAMWORTH","2340","NSW","","","www.tamaraprivate.com.au/","","Private","50-99",-31.077535,150.921764,847,"Tamworth - North",11203,"Rest of NSW"
"265","Tamworth Hospital","02 6767 7700","31 Dean Street","TAMWORTH","2340","NSW","Hunter New England","Hunter New England and Central Coast","","Large regional hospital with an emergency department","Public","200-500",-31.074079,150.924199,848,"Tamworth - North",11203,"Rest of NSW"
"266","Temora Hospital","02 6980 0200","169 Loftus Street","TEMORA","2666","NSW","Murrumbidgee","Murrumbidgee","","Small hospital with an emergency department","Public","<50",-34.443942,147.542616,853,"Temora",11266,"Rest of NSW"
"267","Tenterfield Hospital","02 6739 5200","1-5 Naas Street","TENTERFIELD","2372","NSW","Hunter New England","Hunter New England and Central Coast","","Regional hospital with an emergency department","Public","<50",-29.045083,152.013552,855,"Tenterfield",11194,"Rest of NSW"
"268","The Border Cancer Hospital","02 6064 1400","201-239 Borella Road","ALBURY","2640","NSW","","","www.bordercancerhospital.com.au","","Private","<50",-36.078399,146.938123,862,"Albury - South",11174,"Rest of NSW"
"269","The Canberra Hospital","02 5124 0000","Yamba Drive","GARRAN","2605","ACT","Australian Capital Territory","Australian Capital Territory","www.canberrahospital.act.gov.au","Major hospital with an emergency department","Public",">500",-35.345777,149.100898,864,"Garran",81102,"Australian Capital Territory"
"270","The Children's Hospital at Westmead","02 9845 0000","178 Hawkesbury Road","WESTMEAD","2145","NSW","Sydney Children's Hospitals Network","Western Sydney","www.chw.edu.au/","Specialist children's hospital with an emergency department","Public","200-500",-33.801554,150.991759,865,"Northmead",11491,"Greater Sydney"
"271","The Hills Clinic Kellyville","1300 122 144","15-17 Memorial Avenue","KELLYVILLE","2155","NSW","","","www.thehillsclinic.com.au","","Private","<50",-33.716759,150.952057,868,"Kellyville",11559,"Greater Sydney"
"272","The Hills Private Hospital","02 9639 3333","499 Windsor Road","BAULKHAM HILLS","2153","NSW","","","www.thehillsprivatehospital.com.au","","Private","50-99",-33.743476,150.9825,869,"Baulkham Hills (East)",11290,"Greater Sydney"
"273","The Skin & Cancer Foundation Australia","02 8833 3000","7 Ashley Lane","WESTMEAD","2145","NSW","","","www.skin.com.au","","Private","<50",-33.8072,150.98879,882,"Northmead",11491,"Greater Sydney"
"274","The Sydney Clinic","02 9389 8888","22-24 Murray Street","BRONTE","2024","NSW","","","www.thesydneyclinic.com.au","","Private","<50",-33.901383,151.260988,884,"Bondi - Tamarama - Bronte",11339,"Greater Sydney"
"275","The Sydney Private Hospital Incorporating the NSW Eye Centre","02 9797 0555","63 Victoria Street","ASHFIELD","2131","NSW","","","www.iphoa.com.au","","Private","50-99",-33.894,151.1299,885,"Ashfield",11390,"Greater Sydney"
"276","The Tweed Hospital","07 5536 1133","14 Powell Street","TWEED HEADS","2485","NSW","Northern NSW","North Coast","","Large metropolitan hospital with an emergency department","Public","200-500",-28.177216,153.545458,887,"Tweed Heads",11254,"Rest of NSW"
"277","Thomas Walker Hospital","02 9736 2288","Hospital Road","CONCORD WEST","2138","NSW","Sydney","Central and Eastern Sydney","","Specialist psychiatric hospital","Public","<50",-33.832336,151.097897,893,"Concord West - North Strathfield",11384,"Greater Sydney"
"278","Tibooburra Hospital","08 8091 3302","Sturt Street","TIBOOBURRA","2880","NSW","Far West","Western NSW","","Regional hospital with an emergency department","Public","<50",-29.433211,142.012817,895,"Far West",11098,"Rest of NSW"
"279","Tingha Multi Purpose Service","02 6723 3901","Inverell Road","TINGHA","2369","NSW","Hunter New England","Hunter New England and Central Coast","","Regional hospital with an emergency department","Public","<50",-29.950779,151.206732,897,"Inverell Region - East",11192,"Rest of NSW"
"280","Tocumwal Hospital","03 5874 2166","Adams Street","TOCUMWAL","2714","NSW","Murrumbidgee","Murrumbidgee","","Regional hospital with an emergency department","Public","<50",-35.815407,145.568996,898,"Tocumwal - Finley - Jerilderie",11185,"Rest of NSW"
"281","Tomaree Hospital","02 4984 0700","2 Trevally Street","NELSON BAY","2315","NSW","Hunter New England","Hunter New England and Central Coast","","Regional hospital with an emergency department","Public","<50",-32.720053,152.158858,900,"Nelson Bay Peninsula",11121,"Rest of NSW"
"282","Tottenham Multipurpose Service","02 6891 6200","Lot 10 Moondana Street","TOTTENHAM","2873","NSW","Western NSW","Western NSW","","Regional hospital with an emergency department","Public","<50",-32.242711,147.358031,905,"Condobolin",11062,"Rest of NSW"
"283","Trangie Multi Purpose Service","02 6880 8200","28 Harris Street","TRANGIE","2823","NSW","Western NSW","Western NSW","","Regional hospital with an emergency department","Public","<50",-32.030813,147.976355,907,"Narromine",11105,"Rest of NSW"
"284","Tresillian Care Centres","02 9787 0800","McKenzie Street","BELMORE","2192","NSW","Sydney","Central and Eastern Sydney","www.tresillian.net/","Early parenting centre","Public","50-99",-33.918732,151.097526,908,"Belmore - Belfield",11362,"Greater Sydney"
"285","Tresillian Family Care Centre, Kingswood","02 4734 2124","1b Barber Avenue","KINGSWOOD","2747","NSW","Unknown","Nepean Blue Mountains","https://www.tresillian.org.au/","Early parenting centre","Public","<50",-33.758161,150.714392,909,"Kingswood - Werrington",11462,"Greater Sydney"
"286","Trundle Multi Purpose Health Service","02 6892 1900","44 Brookview Street","TRUNDLE","2875","NSW","Western NSW","Western NSW","","Regional hospital with an emergency department","Public","<50",-32.921078,147.704315,910,"Parkes Region",11068,"Rest of NSW"
"287","Tullamore Multi Purpose Health Service","02 6891 3100","1 Hinkler Street","TULLAMORE","2874","NSW","Western NSW","Western NSW","","Regional hospital with an emergency department","Public","<50",-32.635114,147.568997,911,"Condobolin",11062,"Rest of NSW"
"288","Tumbarumba Multi Purpose Service","02 6948 9600","4 Mitchell Street","TUMBARUMBA","2653","NSW","Murrumbidgee","Murrumbidgee","","Regional hospital with an emergency department","Public","<50",-35.778706,148.006203,913,"Tumbarumba",11260,"Rest of NSW"
"289","Tumut Hospital","02 6947 0800","105 Simpson Street","TUMUT","2720","NSW","Murrumbidgee","Murrumbidgee","","Small hospital with an emergency department","Public","<50",-35.307265,148.219552,915,"Tumut",11261,"Rest of NSW"
"290","Tweed Day Surgery","07 5599 5522","38-44 Boyd Street","TWEED HEADS","2485","NSW","","","www.tweeddaysurgery.com.au","","Private","<50",-28.179019,153.539989,917,"Tweed Heads",11254,"Rest of NSW"
"291","Ulladulla Endoscopy and Medical Centre","02 4455 5422","111 Princes Highway","ULLADULLA","2539","NSW","","","www.ulladullaendoscopy.com.au","","Private","<50",-35.358764,150.473481,918,"Ulladulla",11282,"Rest of NSW"
"292","Urana Multi Purpose Service","02 6920 8106","127-129 Princess Street","URANA","2645","NSW","Murrumbidgee","Murrumbidgee","","Regional hospital with an emergency department","Public","<50",-35.325419,146.267316,921,"Corowa Region",11181,"Rest of NSW"
"293","Urbenville Multi Purpose Service","02 6634 1600","45 Beaury Street","URBENVILLE","2475","NSW","Northern NSW","North Coast","","Regional hospital with an emergency department","Public","<50",-28.471511,152.543029,922,"Tenterfield",11194,"Rest of NSW"
"294","Vegetable Creek Multi Purpose Service Emmaville","02 6734 7900","13-33 Glen Innes Road","EMMAVILLE","2371","NSW","Hunter New England","Hunter New England and Central Coast","","Regional hospital with an emergency department","Public","<50",-29.450547,151.599204,924,"Glen Innes",11190,"Rest of NSW"
"295","Vision Day Surgery Chatswood","02 9424 9999","Level 3, 270 Victoria Avenue","CHATSWOOD","2067","NSW","","","www.visioneyeinstitute.com.au","","Private","",-33.795181,151.187314,929,"Chatswood (East) - Artarmon",11398,"Greater Sydney"
"296","Vision Day Surgery Hurstville","02 9585 2585","8-10 Woniora Road","HURSTVILLE","2220","NSW","","","www.visioneyeinstitute.com.au","","Private","",-33.966949,151.100439,932,"Hurstville",11368,"Greater Sydney"
"297","Wagga Endoscopy Centre","02 6921 2711","50 Best Street","WAGGA WAGGA","2650","NSW","","","http://www.curagroup.com.au/wagga-endoscopy-centre","","Private","<50",-35.115815,147.365914,935,"Wagga Wagga - West",11270,"Rest of NSW"
"298","Wagga Wagga Hospital","02 5943 1000","260-280 Edward Street","WAGGA WAGGA","2650","NSW","Murrumbidgee","Murrumbidgee","","Large regional hospital with an emergency department","Public","200-500",-35.118083,147.356915,936,"Wagga Wagga - West",11270,"Rest of NSW"
"299","Walcha Multi Purpose Service","02 6774 2366","Middle Street","WALCHA","2354","NSW","Hunter New England","Hunter New England and Central Coast","","Regional hospital with an emergency department","Public","<50",-30.987818,151.591415,940,"Walcha",11189,"Rest of NSW"
"300","Walgett Multipurpose Service","02 6828 6000","141 Fox Street","WALGETT","2832","NSW","Western NSW","Western NSW","","Regional hospital with an emergency department","Public","<50",-30.030646,148.115959,942,"Walgett - Lightning Ridge",11096,"Rest of NSW"
"301","War Memorial Hospital","02 9369 0100","125 Birrell Street","WAVERLEY","2024","NSW","South Eastern Sydney","Central and Eastern Sydney","www.wmhw.org.au/","Specialist rehabilitation hospital","Public","<50",-33.897496,151.253816,945,"Bondi Junction - Waverly",11341,"Greater Sydney"
"302","Waratah Private Hospital","02 9598 0000","31 Dora Street","HURSTVILLE","2220","NSW","","","www.surgeryaustralia.com.au","","Private","50-99",-33.963651,151.100464,946,"Hurstville",11368,"Greater Sydney"
"303","Warialda Multi Purpose Service","02 6728 9000","Long Street","WARIALDA","2402","NSW","Hunter New England","Hunter New England and Central Coast","","Regional hospital with an emergency department","Public","<50",-29.538835,150.579567,947,"Inverell Region - West",11193,"Rest of NSW"
"304","Warners Bay Private Hospital","02 4958 4288","Fairfax Road","WARNERS BAY","2282","NSW","","","","","Private","50-99",-32.965262,151.641204,948,"Warners Bay - Boolaroo",11214,"Rest of NSW"
"305","Warren Multi Purpose Service","02 6847 7200","Lot 176 Dr Kater Drive","WARREN","2824","NSW","Western NSW","Western NSW","","Regional hospital with an emergency department","Public","<50",-31.693958,147.835679,950,"Nyngan - Warren",11095,"Rest of NSW"
"306","Wauchope Hospital","02 6580 8000","69 High Street","WAUCHOPE","2446","NSW","Mid North Coast","North Coast","","Small hospital","Public","<50",-31.457239,152.728131,953,"Wauchope",11166,"Rest of NSW"
"307","Wee Waa Hospital","02 6795 0400","60 Alma Street","WEE WAA","2388","NSW","Hunter New England","Hunter New England and Central Coast","","Regional hospital with an emergency department","Public","<50",-30.225439,149.448287,955,"Narrabri Region",11198,"Rest of NSW"
"308","Wellington Health Service","02 6840 8200","30 Thornton Street","WELLINGTON","2820","NSW","Western NSW","Western NSW","","Regional hospital with an emergency department","Public","<50",-32.549741,148.951977,957,"Wellington",11106,"Rest of NSW"
"309","Wentworth Hospital","03 5027 7111","Silver City Highway","WENTWORTH","2648","NSW","Far West","Western NSW","www.wentworth.nsw.gov.au/services/healthdir.php","Regional hospital","Public","<50",-34.109983,141.922481,958,"Wentworth - Buronga",11178,"Rest of NSW"
"310","Wentworth Psychiatric Services","02 4734 2000","Derby Street","PENRITH","2750","NSW","Nepean Blue Mountains","Nepean Blue Mountains","","Metropolitan hospital","Public","<50",-33.760249,150.712613,959,"Penrith",11464,"Greater Sydney"
"311","Werris Creek Hospital","02 6768 6600","22-34 North Street","WERRIS CREEK","2341","NSW","Hunter New England","Hunter New England and Central Coast","","Regional hospital with an emergency department","Public","<50",-31.346691,150.652513,961,"Quirindi",11201,"Rest of NSW"
"312","Wesley Hospital Ashfield","1300 924 522","91 Milton Street","ASHFIELD","2131","NSW","","","https://www.wesleymission.org.au/find-a-service/mental-health-and-hospitals/wesley-hospitals/wesley-hospital-ashfield","","Private","<50",-33.8925,151.116666,962,"Ashfield",11390,"Greater Sydney"
"313","Wesley Hospital Kogarah","1300 924 522","7 Blake Street","KOGARAH","2217","NSW","","","https://www.wesleymission.org.au/find-a-service/mental-health-and-hospitals/wesley-hospitals/wesley-hospital-kogarah","","Private","<50",-33.968262,151.12896,963,"Kogarah",11378,"Greater Sydney"
"314","Western Sydney Oncology & Infusion Centre","02 8837 9800","Westmead Specialist Centre Level 2, 16-18 Mons Road","WESTMEAD","2145","NSW","","","www.westernsydneyoncology.com.au","","Private","",-33.802024,150.982879,977,"Northmead",11491,"Greater Sydney"
"315","Westmead Hospital","02 8890 5555","166-174 Darcy Road","WESTMEAD","2145","NSW","Western Sydney","Western Sydney","www.wslhd.health.nsw.gov.au/Westmead-Hospital","Major hospital with an emergency department","Public",">500",-33.804362,150.987811,978,"Northmead",11491,"Greater Sydney"
"316","Westmead Private Hospital","02 8837 9000","Corner of Mons and Darcy Roads","WESTMEAD","2145","NSW","","","www.westmeadprivate.com.au/","","Private","100-199",-33.802865,150.982382,979,"Northmead",11491,"Greater Sydney"
"317","Westmead Rehabilitation Hospital","02 8833 3555","7 Coleman Street","MERRYLANDS","2160","NSW","","","www.pulsehealth.net.au","","Private","50-99",-33.819288,150.981059,980,"Merrylands - Holroyd",11485,"Greater Sydney"
"318","Wilcannia Multi Purpose Service","08 8083 8777","14 Ross Street","WILCANNIA","2836","NSW","Far West","Western NSW","","Regional hospital with an emergency department","Public","<50",-31.557638,143.385336,983,"Far West",11098,"Rest of NSW"
"319","Wilson Memorial Community Hospital, Murrurundi","02 6546 9000","59 O'Connell Street","MURRURUNDI","2338","NSW","Hunter New England","Hunter New England and Central Coast","","Regional hospital with an emergency department","Public","<50",-31.770408,150.834764,985,"Scone Region",11129,"Rest of NSW"
"320","Wingham Hospital","02 6557 3400","32 Bungay Road","WINGHAM","2429","NSW","Hunter New England","Hunter New England and Central Coast","","Specialist rehabilitation hospital","Public","<50",-31.878104,152.365179,988,"Wingham",11171,"Rest of NSW"
"321","Wollongong Day Surgery","02 4226 6955","354-358 Crown Street","WOLLONGONG","2500","NSW","","","www.wollongongdaysurgery.com.au","","Private","",-34.42583,150.881346,990,"Wollongong - East",11548,"Rest of NSW"
"322","Wollongong Hospital","02 4222 5000","348 Crown Street","WOLLONGONG","2500","NSW","Illawarra Shoalhaven","South Eastern NSW","www.islhd.health.nsw.gov.au/Wollongong_Hospital/default.asp","Major hospital with an emergency department","Public","200-500",-34.424938,150.883451,991,"Wollongong - East",11548,"Rest of NSW"
"323","Wollongong Private Hospital","02 4286 1000","360-364 Crown Street","WOLLONGONG","2500","NSW","","","http://www.wollongongprivate.com.au","","Private","100-199",-34.425814,150.880729,992,"Wollongong - East",11548,"Rest of NSW"
"324","Wolper Jewish Hospital","02 9328 6077","8 Trelawney Street","WOOLLAHRA","2025","NSW","","","www.wolper.com.au","","Private","50-99",-33.884118,151.240739,993,"Woollahra",11347,"Greater Sydney"
"325","Woy Woy Hospital","02 4344 8444","7 Kathleen Street","WOY WOY","2256","NSW","Central Coast","Hunter New England and Central Coast","http://www.cclhd.health.nsw.gov.au/Pages/Contact-us.aspx","Metropolitan hospital","Public","50-99",-33.496716,151.320952,999,"Woy Woy - Blackwall",11042,"Greater Sydney"
"326","Wyalong Hospital","02 6979 0000","70 Ungarie Road","WEST WYALONG","2671","NSW","Murrumbidgee","Murrumbidgee","","Regional hospital with an emergency department","Public","<50",-33.916373,147.196483,1002,"West Wyalong",11069,"Rest of NSW"
"327","Wyong Hospital","02 4394 8000","664 Pacific Highway","HAMLYN TERRACE","2259","NSW","Central Coast","Hunter New England and Central Coast","www.cclhd.health.nsw.gov.au/","Large metropolitan hospital with an emergency department","Public","200-500",-33.261113,151.480761,1004,"Warnervale - Wadalba",11056,"Greater Sydney"
"328","Yass Hospital","02 6220 2000","145-147 Meehan Street","YASS","2582","NSW","Southern NSW","South Eastern NSW","","Regional hospital with an emergency department","Public","<50",-34.844072,148.906427,1008,"Yass",11541,"Rest of NSW"
"329","Young Hospital","02 6382 8888","68 Allanan Street","YOUNG","2594","NSW","Murrumbidgee","Murrumbidgee","","Small hospital with an emergency department","Public","<50",-34.320383,148.288457,1011,"Young",11543,"Rest of NSW"
